Unit,Time,Setting1,Setting2,Setting3,FanInletTemp,LPCOutletTemp,HPCOutletTemp,LPTOutletTemp,FanInletPres,BypassDuctPres,TotalHPCOutletPres,PhysFanSpeed,PhysCoreSpeed,EnginePresRatio,StaticHPCOutletPres,FuelFlowRatio,CorrFanSpeed,CorrCoreSpeed,BypassRatio,BurnerFuelAirRatio,BleedEnthalpy,DemandFanSpeed,DemandCorrFanSpeed,HPTCoolantBleed,LPTCoolantBleed
80,1,-0.0037,0.0002,100,518.67,642.66,1588.3,1392.25,14.62,21.61,553.3,2388.17,9052.54,1.3,47.44,521.76,2388.13,8130.23,8.4377,0.03,393,2388,100,38.66,23.2146
80,2,0.0008,-0.0001,100,518.67,642.55,1590.37,1413.83,14.62,21.61,554.33,2388.08,9047.61,1.3,47.62,521.62,2388.12,8136.26,8.4602,0.03,393,2388,100,38.83,23.3626
80,3,0.0004,-0.0005,100,518.67,643.62,1586.74,1408.62,14.62,21.61,553.94,2388.12,9055.27,1.3,47.46,521.51,2388.1,8131.42,8.399,0.03,393,2388,100,38.78,23.2833
80,4,0.0007,-0.0003,100,518.67,643.04,1589.6,1412.19,14.62,21.61,553.18,2388.13,9047.89,1.3,47.51,520.98,2388.09,8133.99,8.4308,0.03,395,2388,100,39.01,23.3077
80,5,-0.0032,-0.0001,100,518.67,642.1,1587.23,1408.13,14.62,21.61,552.94,2388.13,9057,1.3,47.59,521.22,2388.09,8127.56,8.4253,0.03,393,2388,100,38.92,23.1403
80,6,0.0011,0.0003,100,518.67,642.17,1592.74,1410.83,14.62,21.61,553.13,2388.09,9051.94,1.3,47.51,521.66,2388.07,8133.47,8.467,0.03,395,2388,100,38.8,23.387
80,7,0.0028,0.0005,100,518.67,642.44,1590.79,1409,14.62,21.61,552.91,2388.11,9051.56,1.3,47.41,521.28,2388.1,8133.93,8.4333,0.03,394,2388,100,38.9,23.2716
80,8,-0.0022,-0.0004,100,518.67,642.24,1580.72,1408.6,14.62,21.61,553.27,2388.13,9053.9,1.3,47.48,521.96,2388.07,8129.63,8.4129,0.03,393,2388,100,38.83,23.2389
80,9,0.0023,-0.0003,100,518.67,642.27,1580.36,1414.7,14.62,21.61,553.21,2388.13,9049.19,1.3,47.75,521.39,2388.13,8130.14,8.4519,0.03,393,2388,100,38.76,23.3685
80,10,0.0015,-0.0004,100,518.67,643.42,1587.59,1416.48,14.62,21.61,553.88,2388.09,9056.24,1.3,47.52,521.85,2388.13,8134.07,8.4274,0.03,393,2388,100,38.68,23.2907
80,11,-0.0028,0.0001,100,518.67,642.99,1593,1409.51,14.62,21.61,553.91,2388.11,9052.87,1.3,47.58,521.33,2388.1,8134.17,8.4555,0.03,394,2388,100,38.78,23.2839
80,12,-0.003,-0.0003,100,518.67,643.02,1601.02,1412.01,14.62,21.61,553.02,2388.12,9058.32,1.3,47.59,520.71,2388.1,8135.77,8.4655,0.03,394,2388,100,38.65,23.2453
80,13,-0.0002,0.0003,100,518.67,642.91,1586.05,1408.53,14.62,21.61,552.13,2388.13,9058.03,1.3,47.68,521.6,2388.06,8131.88,8.4259,0.03,392,2388,100,38.85,23.3184
80,14,-0.0006,0.0001,100,518.67,642.58,1588.22,1416.61,14.62,21.61,553.06,2388.12,9060.04,1.3,47.53,522.05,2388.13,8131.76,8.409,0.03,392,2388,100,38.8,23.3618
80,15,0.0023,0.0002,100,518.67,642.93,1595.52,1405.62,14.62,21.61,553.59,2388.1,9050.54,1.3,47.6,521.51,2388.1,8136.69,8.4467,0.03,392,2388,100,38.98,23.2601
80,16,-0,0.0003,100,518.67,641.93,1590.07,1411.21,14.62,21.61,553.45,2388.12,9056.97,1.3,47.52,521.12,2388.14,8139.51,8.441,0.03,394,2388,100,38.8,23.2677
80,17,-0.0003,0.0001,100,518.67,642.38,1588.24,1403.27,14.62,21.61,553.65,2388.07,9051.17,1.3,47.58,521.9,2388.08,8137.7,8.4585,0.03,393,2388,100,38.79,23.2894
80,18,0.0025,-0.0002,100,518.67,642.37,1584.99,1410.61,14.62,21.61,553.29,2388.18,9056.27,1.3,47.72,520.82,2388.08,8133.8,8.4245,0.03,394,2388,100,38.84,23.3161
80,19,0,0.0003,100,518.67,642.65,1588.34,1406.36,14.62,21.61,553.56,2388.09,9053,1.3,47.71,521.49,2388.08,8133.71,8.4314,0.03,391,2388,100,39.01,23.2337
80,20,-0.002,-0.0001,100,518.67,642.58,1588.29,1404.34,14.62,21.61,553.69,2388.14,9053.59,1.3,47.5,521.15,2388.08,8133.8,8.4597,0.03,393,2388,100,38.75,23.2536
80,21,0.0008,-0.0003,100,518.67,642.81,1592.16,1416.05,14.62,21.61,553.74,2388.21,9056.19,1.3,47.43,520.79,2388.07,8138.11,8.4216,0.03,394,2388,100,38.76,23.3359
80,22,-0.0007,0.0001,100,518.67,642.98,1595.58,1411.86,14.62,21.61,553.16,2388.09,9039.34,1.3,47.63,522.13,2388.12,8132.01,8.4601,0.03,393,2388,100,39.05,23.2644
80,23,0.0006,0.0002,100,518.67,642.71,1579.8,1410.17,14.62,21.61,553.28,2388.1,9051.12,1.3,47.6,521.16,2388.11,8132.89,8.4144,0.03,394,2388,100,38.93,23.2766
80,24,0.0016,0.0002,100,518.67,642.96,1593.27,1409.32,14.62,21.61,553.07,2388.11,9054.02,1.3,47.68,521.12,2388.08,8132.99,8.4307,0.03,394,2388,100,38.94,23.3565
80,25,-0.0021,0.0001,100,518.67,643.14,1597.04,1408.55,14.62,21.61,553.63,2388.1,9052.77,1.3,47.5,521.76,2388.12,8131.35,8.4601,0.03,393,2388,100,38.85,23.3419
80,26,-0.0003,-0.0005,100,518.67,642.93,1593.45,1407.11,14.62,21.61,553.45,2388.1,9052.54,1.3,47.47,521.48,2388.17,8136.2,8.4572,0.03,394,2388,100,38.82,23.2487
80,27,0.0047,-0.0005,100,518.67,642.81,1593.3,1401.96,14.62,21.61,553.28,2388.11,9046.96,1.3,47.68,521.28,2388.07,8132.35,8.4631,0.03,395,2388,100,38.81,23.2838
80,28,-0.0002,-0.0001,100,518.67,642.6,1584.15,1407.58,14.62,21.61,553.64,2388.08,9054.48,1.3,47.53,521.37,2388.08,8133.1,8.3979,0.03,394,2388,100,38.79,23.2776
80,29,0.0018,-0.0003,100,518.67,642.96,1584.54,1416,14.62,21.61,552.87,2388.08,9051.65,1.3,47.35,521.55,2388.14,8133.77,8.4288,0.03,392,2388,100,38.98,23.2935
80,30,-0.005,0.0003,100,518.67,642.82,1592.69,1408.16,14.62,21.61,553.57,2388.11,9056.92,1.3,47.71,521.36,2388.11,8132.56,8.4217,0.03,392,2388,100,38.69,23.394
80,31,-0.002,0.0003,100,518.67,643.11,1592.38,1403.18,14.62,21.61,553.17,2388.11,9050.94,1.3,47.56,522.1,2388.15,8133.71,8.4462,0.03,393,2388,100,38.85,23.321
80,32,0.0006,0,100,518.67,642.66,1589.59,1405,14.62,21.61,553.82,2388.08,9055.39,1.3,47.3,521.91,2388.14,8134.13,8.4081,0.03,392,2388,100,38.76,23.2931
80,33,0.0016,-0.0003,100,518.67,642.72,1591.63,1412.88,14.62,21.61,554.13,2388.1,9055.75,1.3,47.62,521.62,2388.09,8137.43,8.4606,0.03,392,2388,100,38.62,23.1953
80,34,-0.0004,0.0001,100,518.67,642.76,1593.83,1414.18,14.62,21.61,553.41,2388.1,9060.29,1.3,47.62,521.49,2388.05,8134.68,8.4514,0.03,393,2388,100,38.92,23.3678
80,35,0.0012,0.0001,100,518.67,642.56,1588.19,1415.91,14.62,21.61,553.06,2388.14,9051.46,1.3,47.63,520.97,2388.06,8134.78,8.4187,0.03,394,2388,100,38.84,23.191
80,36,0.0025,-0.0001,100,518.67,642.8,1587.58,1412.64,14.62,21.61,553.23,2388.15,9053.12,1.3,47.66,521.45,2388.12,8139.26,8.4518,0.03,392,2388,100,38.91,23.2912
80,37,-0.0055,-0.0003,100,518.67,642.85,1585.26,1415.51,14.62,21.61,553.17,2388.1,9053.21,1.3,47.6,521.34,2388.13,8137.38,8.4229,0.03,392,2388,100,38.73,23.2421
80,38,-0.0011,0.0003,100,518.67,642.46,1583.13,1406.84,14.62,21.61,553.45,2388.13,9047.88,1.3,47.51,521.81,2388.02,8133.52,8.4504,0.03,393,2388,100,38.88,23.319
80,39,-0.002,-0.0001,100,518.67,642.79,1581.22,1406.37,14.62,21.61,554.09,2388.09,9056.5,1.3,47.52,521.43,2388.08,8131.77,8.4465,0.03,393,2388,100,38.82,23.3046
80,40,0.0002,-0.0005,100,518.67,642.06,1583.56,1409.31,14.62,21.61,553.61,2388.09,9055.66,1.3,47.48,521.55,2388.1,8130.92,8.4333,0.03,395,2388,100,38.7,23.1905
80,41,0.0049,0.0003,100,518.67,642.43,1592.54,1401.49,14.62,21.61,554.12,2388.12,9048.25,1.3,47.64,521.11,2388.1,8136.41,8.4701,0.03,393,2388,100,38.85,23.2436
80,42,0.0029,-0.0001,100,518.67,643.44,1587.71,1408.84,14.62,21.61,553.18,2388.1,9047.75,1.3,47.59,521.61,2388.11,8132.3,8.4211,0.03,393,2388,100,38.84,23.2439
80,43,-0.004,-0.0005,100,518.67,642.46,1582.82,1413.67,14.62,21.61,552.94,2388.12,9049.83,1.3,47.73,521.46,2388.04,8137.5,8.4385,0.03,393,2388,100,38.88,23.298
80,44,-0.0016,-0.0001,100,518.67,642.95,1587.97,1408.29,14.62,21.61,553.37,2388.09,9053.2,1.3,47.47,521.73,2388.16,8127.81,8.425,0.03,395,2388,100,38.62,23.2653
80,45,0.0029,-0.0005,100,518.67,642.68,1591.31,1411.79,14.62,21.61,552.86,2388.08,9047.17,1.3,47.37,521.34,2388.07,8131.3,8.4331,0.03,394,2388,100,38.7,23.2211
80,46,0.003,0.0003,100,518.67,642.87,1590.05,1408.45,14.62,21.61,553.39,2388.09,9058.81,1.3,47.59,521.39,2388.1,8136.89,8.4216,0.03,393,2388,100,38.63,23.3665
80,47,-0.0004,0,100,518.67,642.53,1586.42,1408,14.62,21.61,554.29,2388.14,9050.7,1.3,47.49,521.72,2388.18,8123.64,8.4219,0.03,393,2388,100,38.82,23.3231
80,48,-0.0031,-0.0002,100,518.67,642.71,1583.68,1406.56,14.62,21.61,553.9,2388.13,9064.8,1.3,47.52,521.39,2388.12,8131.74,8.4648,0.03,392,2388,100,38.88,23.2074
80,49,0.0001,0.0003,100,518.67,643.36,1588.18,1412.39,14.62,21.61,553.37,2388.06,9042.68,1.3,47.34,521.58,2388.12,8141.18,8.4587,0.03,392,2388,100,38.64,23.2376
80,50,-0.0038,-0.0002,100,518.67,642.58,1593.51,1406.64,14.62,21.61,553.47,2388.09,9053.68,1.3,47.5,521.37,2388.11,8133.14,8.456,0.03,395,2388,100,38.89,23.3301
80,51,0.0022,0.0002,100,518.67,643.43,1593.97,1403.61,14.62,21.61,553.24,2388.12,9060.41,1.3,47.51,521.72,2388.13,8137.34,8.4217,0.03,394,2388,100,38.86,23.336
80,52,-0.0023,0,100,518.67,642.39,1589.67,1406.97,14.62,21.61,553.2,2388.15,9057.12,1.3,47.76,521.48,2388.11,8134.08,8.444,0.03,395,2388,100,38.78,23.2335
80,53,0,-0.0002,100,518.67,642.54,1589.1,1407.65,14.62,21.61,552.67,2388.16,9061.32,1.3,47.62,521.37,2388.11,8136.25,8.4387,0.03,393,2388,100,38.73,23.3949
80,54,0.0035,0.0003,100,518.67,643.21,1595.43,1413.28,14.62,21.61,552.93,2388.1,9055.28,1.3,47.39,521.57,2388.06,8132.08,8.4364,0.03,393,2388,100,38.81,23.3826
80,55,-0.0005,0.0005,100,518.67,642.19,1590.14,1408.26,14.62,21.61,553.58,2388.1,9048.49,1.3,47.44,521.35,2388.08,8128.04,8.4788,0.03,394,2388,100,38.76,23.3977
80,56,-0.0022,0,100,518.67,642.8,1588.49,1411.06,14.62,21.61,553.29,2388.08,9058.53,1.3,47.59,521.25,2388.14,8128.06,8.4451,0.03,394,2388,100,38.87,23.3121
80,57,-0.001,-0.0001,100,518.67,642.67,1589.66,1410.16,14.62,21.61,553.67,2388.08,9059.56,1.3,47.65,521.43,2388.14,8132.59,8.4396,0.03,393,2388,100,38.85,23.3452
80,58,-0.0015,-0,100,518.67,642.66,1593.6,1410.83,14.62,21.61,553.2,2388.16,9061.82,1.3,47.72,521.11,2388.1,8137.02,8.4211,0.03,392,2388,100,38.86,23.3301
80,59,-0.0009,0.0003,100,518.67,642.18,1590.13,1406.32,14.62,21.61,553.33,2388.06,9055.54,1.3,47.41,521.28,2388.14,8137.56,8.4571,0.03,393,2388,100,38.86,23.2861
80,60,-0.0008,0.0003,100,518.67,642.44,1579.75,1411.16,14.62,21.61,553.68,2388.12,9058.13,1.3,47.49,521.8,2388.14,8139.57,8.4532,0.03,394,2388,100,38.89,23.237
80,61,-0.0022,-0.0004,100,518.67,642.58,1589.27,1411.92,14.62,21.61,553.85,2388.14,9055.21,1.3,47.58,521,2388.12,8129.83,8.4531,0.03,393,2388,100,38.69,23.288
80,62,-0.0064,0.0001,100,518.67,642.82,1587.98,1413.99,14.62,21.61,553.2,2388.16,9053.77,1.3,47.61,521.85,2388.08,8134.98,8.4692,0.03,393,2388,100,38.77,23.2208
80,63,0.0005,-0.0003,100,518.67,642.55,1589.93,1400.48,14.62,21.61,553.27,2388.1,9063.05,1.3,47.61,520.92,2388.1,8140.91,8.436,0.03,394,2388,100,38.88,23.4023
80,64,0.0014,-0,100,518.67,642.59,1593.67,1414.14,14.62,21.61,553.62,2388.17,9058.61,1.3,47.4,521.37,2388.15,8138.48,8.4602,0.03,392,2388,100,38.85,23.2629
80,65,0.0029,0,100,518.67,643.03,1587.75,1411,14.62,21.61,553.54,2388.09,9052.62,1.3,47.56,521.69,2388.13,8136.31,8.4243,0.03,392,2388,100,38.62,23.3769
80,66,-0.0007,0.0001,100,518.67,642.85,1594.71,1404.12,14.62,21.61,553.77,2388.1,9063.22,1.3,47.5,521.2,2388.04,8139.13,8.4944,0.03,391,2388,100,38.81,23.3268
80,67,-0.0002,0.0003,100,518.67,642.84,1594.05,1407.89,14.62,21.61,553.75,2388.13,9058.81,1.3,47.5,521.14,2388.09,8136.21,8.4648,0.03,393,2388,100,38.77,23.2953
80,68,0.0027,0.0004,100,518.67,642.83,1588.48,1415.33,14.62,21.61,553.41,2388.09,9059.7,1.3,47.63,521.01,2388.04,8138.85,8.4509,0.03,393,2388,100,38.75,23.2943
80,69,0.0016,-0.0002,100,518.67,642.36,1591.77,1411.79,14.62,21.61,552.92,2388.07,9056.95,1.3,47.72,520.91,2388.13,8132.5,8.4338,0.03,394,2388,100,38.85,23.3112
80,70,0.0023,0.0005,100,518.67,642.45,1594.06,1410.72,14.62,21.61,553.05,2388.09,9061.66,1.3,47.56,521.46,2388.09,8138.11,8.4743,0.03,394,2388,100,38.95,23.2617
80,71,-0.0004,0.0003,100,518.67,642.32,1593.2,1406.88,14.62,21.61,553.29,2388.15,9050.43,1.3,47.55,521.87,2388.15,8139.98,8.4209,0.03,393,2388,100,38.9,23.2054
80,72,0.0012,0.0001,100,518.67,642.57,1593.52,1407.98,14.62,21.61,553.87,2388.13,9062.05,1.3,47.53,520.54,2388.11,8133.75,8.4147,0.03,395,2388,100,38.93,23.2035
80,73,-0.0012,-0.0003,100,518.67,642.86,1590.87,1415.69,14.62,21.61,553.1,2388.06,9056.77,1.3,47.53,521.59,2388.13,8134.35,8.4553,0.03,394,2388,100,38.94,23.3709
80,74,0.0013,-0.0004,100,518.67,643.48,1601.68,1406.05,14.62,21.61,553.41,2388.15,9061.21,1.3,47.63,521.31,2388.17,8135.98,8.48,0.03,393,2388,100,38.86,23.3327
80,75,0.0055,-0.0004,100,518.67,643.6,1589.46,1408.42,14.62,21.61,553.21,2388.07,9050.65,1.3,47.7,521.24,2388.11,8138.69,8.4374,0.03,393,2388,100,38.74,23.3284
80,76,-0.0022,-0.0003,100,518.67,642.85,1592.64,1409.51,14.62,21.61,552.92,2388.12,9058.74,1.3,47.42,521.28,2388.19,8141.14,8.4292,0.03,393,2388,100,38.66,23.2669
80,77,-0.0006,-0.0003,100,518.67,642.87,1592.87,1410.28,14.62,21.61,553.68,2388.14,9056.53,1.3,47.61,522,2388.11,8141.17,8.4445,0.03,393,2388,100,38.88,23.2837
80,78,-0.004,-0.0001,100,518.67,642.76,1591.6,1401.32,14.62,21.61,553.71,2388.11,9062.25,1.3,47.56,521.62,2388.14,8138.45,8.4567,0.03,393,2388,100,38.91,23.2845
80,79,-0.0015,-0.0003,100,518.67,642.63,1585.78,1404.45,14.62,21.61,553.57,2388.09,9064.85,1.3,47.49,521.16,2388.08,8138.74,8.4193,0.03,392,2388,100,38.68,23.3059
80,80,0.001,-0,100,518.67,642.96,1586.68,1410.15,14.62,21.61,553.31,2388.19,9061.89,1.3,47.76,521.28,2388.13,8139.44,8.4344,0.03,392,2388,100,38.61,23.2109
80,81,0.0025,-0.0002,100,518.67,642.55,1588.12,1405.85,14.62,21.61,553.8,2388.11,9051.52,1.3,47.54,521.04,2388.08,8136.99,8.4551,0.03,394,2388,100,38.73,23.2479
80,82,0.002,0.0005,100,518.67,642.86,1596.78,1409.48,14.62,21.61,552.91,2388.09,9060.49,1.3,47.62,521.42,2388.15,8141.24,8.4387,0.03,395,2388,100,38.67,23.1955
80,83,0.0024,-0.0004,100,518.67,642.96,1592.99,1411.21,14.62,21.61,553.66,2388.1,9057.14,1.3,47.51,521.02,2388.1,8136.05,8.4323,0.03,395,2388,100,38.86,23.2805
80,84,0.0005,-0,100,518.67,642.92,1590.97,1415.45,14.62,21.61,553.79,2388.08,9063.72,1.3,47.56,521.56,2388.12,8137.1,8.4401,0.03,393,2388,100,38.66,23.2036
80,85,0.0007,-0,100,518.67,642.33,1585.72,1410.25,14.62,21.61,553,2388.14,9056.17,1.3,47.52,521.26,2388.15,8140.41,8.4518,0.03,393,2388,100,38.92,23.26
80,86,0.0014,-0.0003,100,518.67,642.95,1590.41,1411.49,14.62,21.61,552.93,2388.12,9063.71,1.3,47.57,521.51,2388.08,8138.47,8.4126,0.03,393,2388,100,38.82,23.3938
80,87,-0.0019,-0.0003,100,518.67,642.64,1586.41,1409.7,14.62,21.61,553.01,2388.07,9065.05,1.3,47.64,521.33,2388.12,8137.46,8.4648,0.03,395,2388,100,38.75,23.2764
80,88,-0.0038,-0.0001,100,518.67,642.76,1590.81,1405.7,14.62,21.61,553.14,2388.06,9063.43,1.3,47.57,521.67,2388.12,8136.04,8.4105,0.03,393,2388,100,38.92,23.2483
80,89,0.0008,0.0003,100,518.67,642.79,1583.87,1405.43,14.62,21.61,553.59,2388.13,9062.05,1.3,47.51,521.62,2388.12,8139.05,8.4359,0.03,392,2388,100,38.79,23.3032
80,90,0.0016,0.0002,100,518.67,642.8,1588.53,1411.48,14.62,21.61,553.03,2388.15,9061.33,1.3,47.6,521.36,2388.17,8144.21,8.4692,0.03,392,2388,100,38.85,23.3283
80,91,-0.0034,-0.0004,100,518.67,642.78,1592.97,1411.32,14.62,21.61,553.26,2388.11,9055.87,1.3,47.58,521.31,2388.09,8140.47,8.4818,0.03,392,2388,100,38.86,23.3404
80,92,0.0026,0.0004,100,518.67,643.17,1590.56,1417.39,14.62,21.61,553.57,2388.11,9063.49,1.3,47.59,521.04,2388.08,8146.38,8.4031,0.03,394,2388,100,38.72,23.253
80,93,0.0015,0.0002,100,518.67,642.9,1593.57,1414.06,14.62,21.61,553.25,2388.11,9064.04,1.3,47.36,521.08,2388.11,8137.71,8.4574,0.03,394,2388,100,38.85,23.2456
80,94,-0.0023,-0.0005,100,518.67,642.54,1589.39,1409.8,14.62,21.61,553.79,2388.14,9062.26,1.3,47.72,521.77,2388.13,8140.83,8.4487,0.03,392,2388,100,39,23.3886
80,95,0.0005,-0.0003,100,518.67,642.9,1590.33,1400.61,14.62,21.61,553.09,2388.13,9060.24,1.3,47.42,521.15,2388.09,8148.43,8.4951,0.03,393,2388,100,38.73,23.2996
80,96,0.0006,0.0004,100,518.67,642.63,1593.16,1413.39,14.62,21.61,554.08,2388.08,9064.16,1.3,47.46,521.88,2388.08,8138.23,8.4816,0.03,393,2388,100,38.86,23.2899
80,97,-0.0016,-0.0005,100,518.67,642.71,1586.68,1407.59,14.62,21.61,553.77,2388.13,9067.37,1.3,47.47,521.49,2388.1,8139.02,8.4498,0.03,393,2388,100,38.81,23.1854
80,98,-0.0026,-0.0001,100,518.67,642.53,1590.54,1413.09,14.62,21.61,553.34,2388.14,9066.85,1.3,47.55,521.33,2388.13,8139.36,8.461,0.03,392,2388,100,38.53,23.3426
80,99,-0.0004,0.0003,100,518.67,642.72,1590.11,1417.06,14.62,21.61,553.15,2388.05,9063.69,1.3,47.39,521.65,2388.09,8145.79,8.4711,0.03,394,2388,100,38.68,23.1814
80,100,0.0013,0.0001,100,518.67,642.69,1589.76,1407.02,14.62,21.61,552.67,2388.08,9066.39,1.3,47.65,521.57,2388.09,8137.66,8.4481,0.03,394,2388,100,38.74,23.3055
80,101,-0.0034,0,100,518.67,642.65,1594.22,1410.08,14.62,21.61,553.9,2388.14,9060.07,1.3,47.65,521.19,2388.08,8137.97,8.4395,0.03,393,2388,100,38.72,23.2238
80,102,-0.0002,-0.0003,100,518.67,643.44,1600.94,1409.67,14.62,21.61,553.32,2388.09,9066.33,1.3,47.65,521.23,2388.1,8146.62,8.4344,0.03,393,2388,100,38.8,23.368
80,103,0,0.0003,100,518.67,642.6,1592.07,1419.17,14.62,21.61,553.15,2388.12,9063.95,1.3,47.64,521.4,2388.14,8142.95,8.4509,0.03,393,2388,100,38.75,23.3338
80,104,0.0018,0.0001,100,518.67,642.97,1590.89,1412.85,14.62,21.61,553.21,2388.05,9064.48,1.3,47.68,520.8,2388.1,8147.11,8.4652,0.03,395,2388,100,38.87,23.268
80,105,0.0038,0.0003,100,518.67,642.99,1591.94,1410.47,14.62,21.61,553.26,2388.1,9064.69,1.3,47.61,522.18,2388.03,8139.11,8.4038,0.03,395,2388,100,38.98,23.282
80,106,0.0025,0.0005,100,518.67,642.36,1590.1,1411.56,14.62,21.61,553.1,2388.1,9064.15,1.3,47.53,521.04,2388.09,8143.13,8.4934,0.03,395,2388,100,38.7,23.2932
80,107,0.004,0.0002,100,518.67,643.09,1589.69,1411.25,14.62,21.61,553.11,2388.05,9068.55,1.3,47.65,521.52,2388.05,8147.79,8.431,0.03,393,2388,100,38.63,23.1859
80,108,-0.0014,0.0002,100,518.67,643.01,1595.06,1406.09,14.62,21.61,553.81,2388.07,9069.25,1.3,47.46,521.55,2388.1,8145.94,8.4918,0.03,392,2388,100,38.67,23.2709
80,109,0.0015,-0.0002,100,518.67,642.59,1589.24,1411.04,14.62,21.61,553.77,2388.14,9062.48,1.3,47.46,521.19,2388.07,8147.26,8.4476,0.03,394,2388,100,38.61,23.167
80,110,-0.0026,-0.0002,100,518.67,642.95,1597.32,1410.61,14.62,21.61,552.93,2388.09,9066.8,1.3,47.59,521.58,2388.1,8139.28,8.4692,0.03,393,2388,100,38.93,23.2461
80,111,-0.0034,0.0002,100,518.67,642.76,1596.63,1411.8,14.62,21.61,553.43,2388.13,9066.29,1.3,47.62,521.11,2388.12,8148.05,8.4684,0.03,394,2388,100,38.73,23.329
80,112,0,-0.0003,100,518.67,642.99,1595.11,1410.59,14.62,21.61,552.35,2388.13,9067.72,1.3,47.55,521.49,2388.11,8148.1,8.4741,0.03,394,2388,100,38.91,23.2714
80,113,0.0026,-0.0003,100,518.67,642.57,1596.07,1401.67,14.62,21.61,553.14,2388.14,9062.73,1.3,47.58,521.13,2388.13,8147.95,8.4508,0.03,393,2388,100,38.99,23.3367
80,114,0.0026,-0.0002,100,518.67,642.61,1589.67,1414.33,14.62,21.61,553.44,2388.13,9067.35,1.3,47.75,521.62,2388.09,8148.32,8.4351,0.03,395,2388,100,38.77,23.3102
80,115,-0.0008,0.0003,100,518.67,642.86,1586.42,1412.16,14.62,21.61,552.07,2388.12,9070.76,1.3,47.7,521.14,2388.06,8143.23,8.4365,0.03,394,2388,100,38.75,23.258
80,116,0.0009,0.0001,100,518.67,642.91,1594.63,1408.26,14.62,21.61,552.96,2388.07,9063.54,1.3,47.61,520.89,2388.11,8149.71,8.4306,0.03,393,2388,100,38.58,23.2276
80,117,-0.0013,-0.0001,100,518.67,642.79,1586.89,1418.74,14.62,21.61,553.2,2388.11,9072.23,1.3,47.66,520.99,2388.12,8154.08,8.4591,0.03,395,2388,100,38.58,23.292
80,118,0.0001,0.0004,100,518.67,642.77,1595.99,1409.54,14.62,21.61,553.44,2388.11,9069.89,1.3,47.58,521.06,2388.07,8147.21,8.4613,0.03,393,2388,100,38.64,23.1857
80,119,-0.0015,0.0002,100,518.67,643.09,1591.25,1418.67,14.62,21.61,553.08,2388.13,9073.85,1.3,47.69,521.03,2388.14,8149.86,8.4649,0.03,394,2388,100,38.73,23.1646
80,120,-0.0017,0.0003,100,518.67,643.04,1591.85,1409.51,14.62,21.61,553,2388.12,9076.34,1.3,47.48,521.24,2388.12,8149.43,8.4291,0.03,393,2388,100,38.99,23.2238
80,121,-0.0005,-0.0002,100,518.67,642.81,1588.5,1422.45,14.62,21.61,552.92,2388.13,9071.14,1.3,47.68,521.18,2388.13,8146.29,8.4361,0.03,394,2388,100,38.68,23.1697
80,122,-0.0004,-0.0003,100,518.67,643.3,1591.84,1412.1,14.62,21.61,553.05,2388.12,9076.2,1.3,47.7,521.32,2388.09,8153.7,8.4469,0.03,392,2388,100,38.64,23.217
80,123,0.0029,0.0003,100,518.67,642.71,1589.12,1405.59,14.62,21.61,552.85,2388.15,9073.29,1.3,47.84,521.44,2388.03,8149.73,8.4926,0.03,395,2388,100,38.61,23.3117
80,124,0.0018,0.0004,100,518.67,642.47,1597.49,1408.74,14.62,21.61,551.7,2388.08,9068.42,1.3,47.87,521.56,2388.12,8150.91,8.4581,0.03,394,2388,100,38.69,23.2919
80,125,-0.0006,-0.0004,100,518.67,642.73,1596.1,1410.6,14.62,21.61,552.74,2388.14,9071.29,1.3,47.65,521.06,2388.1,8147.34,8.4828,0.03,393,2388,100,38.74,23.2948
80,126,-0.005,-0.0001,100,518.67,643.23,1592.89,1409.73,14.62,21.61,552.37,2388.11,9076.71,1.3,47.67,520.85,2388.08,8153.08,8.445,0.03,395,2388,100,38.77,23.3328
80,127,0.0029,-0.0003,100,518.67,643.01,1592.83,1412.58,14.62,21.61,552.97,2388.11,9077.12,1.3,47.75,521.5,2388.13,8155.49,8.4196,0.03,394,2388,100,38.82,23.2364
80,128,-0.001,0.0005,100,518.67,642.98,1587.53,1412.15,14.62,21.61,553.71,2388.14,9076.9,1.3,47.81,520.85,2388.1,8148.65,8.4142,0.03,393,2388,100,38.61,23.2404
80,129,-0.0008,0.0002,100,518.67,642.77,1586.54,1415.09,14.62,21.61,552.79,2388.1,9085.66,1.3,47.73,521.08,2388.15,8154.64,8.4434,0.03,394,2388,100,38.9,23.2315
80,130,0.0007,-0.0002,100,518.67,642.69,1591.97,1419.78,14.62,21.61,553.01,2388.14,9072.27,1.3,47.7,521.47,2388.1,8152.99,8.4415,0.03,393,2388,100,38.85,23.3024
80,131,0.0006,-0.0001,100,518.67,642.74,1590.15,1411.07,14.62,21.61,553.95,2388.13,9074.25,1.3,47.43,521.25,2388.16,8154.28,8.4799,0.03,393,2388,100,38.71,23.1398
80,132,-0,-0.0001,100,518.67,642.67,1591.88,1420.67,14.62,21.61,552.88,2388.16,9079.68,1.3,47.72,521.15,2388.16,8154.86,8.4676,0.03,394,2388,100,38.77,23.2358
80,133,0.0015,-0.0001,100,518.67,642.45,1598.79,1416.33,14.62,21.61,552.84,2388.14,9084.06,1.3,47.73,521.21,2388.17,8154.59,8.4636,0.03,394,2388,100,38.82,23.175
80,134,0.0009,0.0003,100,518.67,642.96,1589.73,1412.17,14.62,21.61,553.16,2388.17,9076.3,1.3,47.74,520.79,2388.13,8156.27,8.4694,0.03,394,2388,100,38.73,23.2709
80,135,-0.0025,-0.0002,100,518.67,643.28,1595.76,1412.55,14.62,21.61,552.43,2388.12,9075.95,1.3,47.84,521.41,2388.07,8155.13,8.4566,0.03,394,2388,100,38.68,23.2151
80,136,0.0016,0.0002,100,518.67,643.58,1599.97,1415.55,14.62,21.61,553.37,2388.09,9090.81,1.3,47.68,520.64,2388.12,8154.86,8.4787,0.03,395,2388,100,38.76,23.2007
80,137,-0.0037,0.0002,100,518.67,642.9,1587.82,1416.03,14.62,21.61,552.82,2388.13,9079.55,1.3,47.42,520.96,2388.1,8153.18,8.4247,0.03,393,2388,100,38.89,23.1343
80,138,-0.0029,0.0002,100,518.67,642.85,1581.19,1413.65,14.62,21.61,552.87,2388.13,9085.95,1.3,47.68,521.07,2388.1,8157.71,8.4517,0.03,393,2388,100,38.68,23.3092
80,139,0.0022,0.0003,100,518.67,643.45,1594.07,1420.06,14.62,21.61,552.93,2388.12,9086.96,1.3,47.58,520.44,2388.08,8159.43,8.446,0.03,394,2388,100,38.65,23.1667
80,140,-0.0047,-0.0005,100,518.67,642.55,1595.82,1410.34,14.62,21.61,552.84,2388.13,9084.18,1.3,47.69,521.28,2388.12,8158.14,8.4954,0.03,393,2388,100,38.65,23.2204
80,141,-0.0044,0.0001,100,518.67,643.05,1590.28,1418.85,14.62,21.61,552.64,2388.1,9088.42,1.3,47.7,520.9,2388.14,8162.06,8.4727,0.03,395,2388,100,38.69,23.2805
80,142,0.0022,-0,100,518.67,642.68,1591.87,1414.75,14.62,21.61,553.29,2388.09,9093.08,1.3,47.58,521.27,2388.09,8165.19,8.4473,0.03,394,2388,100,38.6,23.1564
80,143,-0.0005,-0.0005,100,518.67,643.22,1597.64,1416.13,14.62,21.61,553.01,2388.13,9085.43,1.3,47.7,521.45,2388.11,8167.32,8.4611,0.03,395,2388,100,38.74,23.1203
80,144,-0.0028,0.0004,100,518.67,642.82,1596.02,1415.58,14.62,21.61,553.12,2388.13,9099.24,1.3,47.76,521.05,2388.11,8165.05,8.4839,0.03,395,2388,100,38.89,23.2016
80,145,0.0004,-0.0002,100,518.67,643.34,1596.58,1420.56,14.62,21.61,553.26,2388.09,9087.56,1.3,47.67,520.93,2388.05,8162.2,8.4675,0.03,394,2388,100,38.55,23.1126
80,146,-0.0004,-0.0001,100,518.67,642.92,1595.09,1423.38,14.62,21.61,552.33,2388.14,9093.03,1.3,47.9,520.55,2388.13,8168.47,8.4484,0.03,392,2388,100,38.52,23.2738
80,147,-0.0005,-0.0001,100,518.67,642.5,1596.01,1413.98,14.62,21.61,553.18,2388.11,9089.73,1.3,47.71,520.64,2388.19,8169.58,8.4693,0.03,394,2388,100,38.69,23.1364
80,148,0.0003,-0.0002,100,518.67,643.1,1595,1415.34,14.62,21.61,552.87,2388.08,9098.15,1.3,47.72,520.87,2388.11,8164.15,8.4795,0.03,394,2388,100,38.58,23.3456
80,149,0.0029,-0.0004,100,518.67,643.43,1598.68,1410.34,14.62,21.61,552.08,2388.09,9093.74,1.3,47.78,520.73,2388.16,8166.38,8.4685,0.03,396,2388,100,38.63,23.155
80,150,0.0021,0.0004,100,518.67,642.76,1597.23,1413.96,14.62,21.61,552.9,2388.15,9100.84,1.3,47.86,520.87,2388.14,8171.84,8.452,0.03,394,2388,100,38.65,23.1862
80,151,0.0014,0.0003,100,518.67,643.22,1599.9,1412.92,14.62,21.61,552.37,2388.11,9095.58,1.3,47.8,520.99,2388.13,8173.18,8.4547,0.03,395,2388,100,38.75,23.3488
80,152,0.0015,-0.0004,100,518.67,642.67,1598.65,1416.95,14.62,21.61,552,2388.13,9096.29,1.3,47.95,520.76,2388.11,8169,8.4751,0.03,395,2388,100,38.72,23.2295
80,153,-0.0022,-0.0001,100,518.67,642.68,1595.62,1415.44,14.62,21.61,552.58,2388.1,9104.78,1.3,47.71,520.53,2388.16,8174.12,8.4727,0.03,395,2388,100,38.52,23.1728
80,154,-0.0008,-0.0005,100,518.67,643.14,1605.31,1414.48,14.62,21.61,551.99,2388.14,9104.79,1.3,47.69,520.43,2388.13,8173.83,8.486,0.03,396,2388,100,38.71,23.1632
80,155,0.0006,-0.0002,100,518.67,643.1,1600.93,1413.85,14.62,21.61,553.03,2388.14,9098.21,1.3,47.93,520.79,2388.13,8179.78,8.4565,0.03,394,2388,100,38.63,23.2292
80,156,0.0034,-0,100,518.67,643.14,1590.76,1415.45,14.62,21.61,552.42,2388.1,9106.56,1.3,47.91,520.49,2388.1,8174.72,8.4867,0.03,396,2388,100,38.71,23.1706
80,157,0.0063,-0.0004,100,518.67,643.47,1597.34,1417.93,14.62,21.61,552.32,2388.13,9099.01,1.3,47.8,521.41,2388.17,8173.89,8.5008,0.03,396,2388,100,38.63,23.1173
80,158,-0.001,0.0004,100,518.67,643.47,1595.66,1415.79,14.62,21.61,552.51,2388.14,9104.81,1.3,47.97,520.39,2388.12,8181.93,8.4755,0.03,395,2388,100,38.68,23.2602
80,159,-0.0005,-0.0001,100,518.67,643.17,1596.14,1416.95,14.62,21.61,552.76,2388.12,9118.8,1.3,47.82,520.82,2388.15,8180.63,8.4913,0.03,394,2388,100,38.67,23.1529
80,160,-0.0001,-0.0002,100,518.67,643.39,1595.93,1408.05,14.62,21.61,552.78,2388.1,9112.44,1.3,47.69,521.25,2388.07,8174.92,8.4699,0.03,396,2388,100,38.5,23.0672
80,161,0.0003,-0.0004,100,518.67,643.77,1598.97,1426.33,14.62,21.61,552.32,2388.13,9108.71,1.3,47.52,520.56,2388.08,8182,8.4872,0.03,396,2388,100,38.68,23.0331
80,162,0.003,0.0002,100,518.67,643.4,1592.82,1414.62,14.62,21.61,552.63,2388.11,9114.56,1.3,47.76,520.81,2388.1,8188.58,8.4331,0.03,393,2388,100,38.46,23.1272
80,163,-0.0004,-0,100,518.67,643.26,1597.37,1420.3,14.62,21.61,552.93,2388.14,9115.47,1.3,47.8,520.86,2388.13,8185.85,8.4734,0.03,395,2388,100,38.62,23.1684
80,164,-0.003,0.0004,100,518.67,643.25,1605.13,1416.79,14.62,21.61,552.59,2388.13,9119.15,1.3,47.71,520.73,2388.12,8185.19,8.4794,0.03,395,2388,100,38.59,23.2999
80,165,-0.0059,0.0002,100,518.67,643.65,1602.53,1420.04,14.62,21.61,552.42,2388.1,9113.6,1.3,47.85,520.48,2388.15,8188.14,8.4805,0.03,396,2388,100,38.56,23.2028
80,166,0.0023,0,100,518.67,643.4,1596.57,1420.43,14.62,21.61,551.67,2388.09,9125.22,1.3,47.85,520.88,2388.14,8193,8.5215,0.03,397,2388,100,38.64,23.1729
80,167,-0.0038,0.0005,100,518.67,643.69,1601.2,1413.04,14.62,21.61,552.09,2388.13,9127.52,1.3,47.96,520.5,2388.04,8195.46,8.4855,0.03,396,2388,100,38.63,23.1171
80,168,-0.0011,0.0001,100,518.67,643.11,1595.81,1420.2,14.62,21.61,552.66,2388.11,9126.66,1.3,47.96,520.54,2388.05,8192.39,8.4716,0.03,394,2388,100,38.63,23.2132
80,169,0.0007,0.0003,100,518.67,643.29,1595.56,1421.62,14.62,21.61,552.8,2388.15,9126.88,1.3,47.94,520.52,2388.09,8192.9,8.4824,0.03,397,2388,100,38.52,23.2061
80,170,-0.0016,-0.0004,100,518.67,643.76,1600.43,1422.02,14.62,21.61,552.59,2388.18,9122.8,1.3,47.8,520.84,2388.16,8195.69,8.5363,0.03,398,2388,100,38.58,23.096
80,171,-0.0016,-0.0002,100,518.67,642.97,1600.49,1416.53,14.62,21.61,552.51,2388.19,9123.26,1.3,48.01,520.11,2388.13,8194.21,8.5305,0.03,395,2388,100,38.39,23.2056
80,172,0.0009,0.0003,100,518.67,643.06,1597.59,1426.41,14.62,21.61,552.73,2388.08,9124.7,1.3,48,520.37,2388.15,8195.05,8.5057,0.03,395,2388,100,38.59,23.0518
80,173,-0.0018,-0.0001,100,518.67,643.37,1605.22,1427.59,14.62,21.61,552.92,2388.14,9126.35,1.3,48.01,520.51,2388.13,8204.65,8.4791,0.03,395,2388,100,38.41,23.111
80,174,-0.0024,-0.0004,100,518.67,643.2,1601.97,1423.08,14.62,21.61,552.4,2388.13,9138.51,1.3,47.88,520.52,2388.2,8198.3,8.5296,0.03,395,2388,100,38.58,23.1156
80,175,0.0041,0.0004,100,518.67,643,1600.09,1429.4,14.62,21.61,552.74,2388.11,9140.77,1.3,48.25,520.86,2388.13,8200.62,8.5063,0.03,397,2388,100,38.51,23.0929
80,176,0.0014,0.0001,100,518.67,643.66,1600.14,1428.42,14.62,21.61,552.11,2388.12,9139.28,1.3,47.92,521.08,2388.2,8204.48,8.5111,0.03,395,2388,100,38.59,23.172
80,177,-0.0004,0.0004,100,518.67,643.3,1603.93,1423.61,14.62,21.61,551.94,2388.17,9143.78,1.3,48.07,520.15,2388.11,8206.52,8.4967,0.03,397,2388,100,38.44,23.0713
80,178,0,0,100,518.67,643.43,1603.07,1420.15,14.62,21.61,551.81,2388.09,9149.03,1.3,48.12,520.8,2388.18,8216.3,8.5173,0.03,395,2388,100,38.62,23.1038
80,179,-0.0006,-0.0003,100,518.67,643.61,1613.29,1432.42,14.62,21.61,551.59,2388.15,9144,1.3,48.06,520.5,2388.1,8211.19,8.486,0.03,395,2388,100,38.42,23.1907
80,180,0.0005,-0.0002,100,518.67,643.9,1602.87,1422.7,14.62,21.61,551.54,2388.17,9155.94,1.3,48.03,520.01,2388.12,8215.84,8.5194,0.03,395,2388,100,38.5,23.0692
80,181,0.0042,0.0002,100,518.67,644,1604.26,1428.92,14.62,21.61,552.24,2388.2,9145.62,1.3,48.17,520.44,2388.17,8218.63,8.5194,0.03,397,2388,100,38.39,23.1678
80,182,-0.0014,0.0004,100,518.67,643.81,1598.32,1426.31,14.62,21.61,551.6,2388.16,9160.23,1.3,48.41,520.06,2388.12,8221.91,8.5493,0.03,396,2388,100,38.34,23.0142
80,183,0.0018,-0,100,518.67,643.49,1603.37,1434.3,14.62,21.61,551.78,2388.12,9152.84,1.3,48.04,519.67,2388.21,8217.46,8.5106,0.03,397,2388,100,38.34,22.9337
80,184,-0.0024,0.0002,100,518.67,643.83,1603.01,1430.23,14.62,21.61,551.78,2388.17,9164.1,1.3,48.04,519.72,2388.2,8228.65,8.4983,0.03,397,2388,100,38.53,22.9971
80,185,0.0015,-0,100,518.67,643.88,1606.38,1421.41,14.62,21.61,551.55,2388.22,9170.57,1.3,48.05,520,2388.18,8229.73,8.525,0.03,397,2388,100,38.35,23.0323
